{"cameraMode":{"drawMode":0,"name":"Shaded","section":"Shading Mode"},"sceneLighting":true,"audioPlay":false,"sceneViewState":{"showFog":true,"showMaterialUpdate":false,"showSkybox":true,"showFlares":true,"showImageEffects":true,"showParticleSystems":true},"in2DMode":false,"pivot":{"x":-5.209547519683838,"y":-0.3944181203842163,"z":-1.249410629272461},"rotation":{"x":-0.09811441600322724,"y":-0.27625152468681338,"z":0.028359754011034967,"w":-0.9556434750556946},"size":20.27678108215332,"orthographic":false}